<?xml version="1.0" encoding="UTF-8"?>
<GenRun Id="impl_1" LaunchPart="xc7a35tftg256-1" LaunchTime="1649399707">
  <File Type="BITSTR-BMM" Name="x7seg_a_bd.bmm"/>
  <File Type="ROUTE-PWR" Name="x7seg_a_power_routed.rpt"/>
  <File Type="PA-TCL" Name="x7seg_a.tcl"/>
  <File Type="OPT-DCP" Name="x7seg_a_opt.dcp"/>
  <File Type="ROUTE-PWR-SUM" Name="x7seg_a_power_summary_routed.pb"/>
  <File Type="REPORTS-TCL" Name="x7seg_a_reports.tcl"/>
  <File Type="OPT-DRC" Name="x7seg_a_drc_opted.rpt"/>
  <File Type="OPT-HWDEF" Name="x7seg_a.hwdef"/>
  <File Type="PWROPT-DCP" Name="x7seg_a_pwropt.dcp"/>
  <File Type="PLACE-DCP" Name="x7seg_a_placed.dcp"/>
  <File Type="PLACE-IO" Name="x7seg_a_io_placed.rpt"/>
  <File Type="PLACE-UTIL" Name="x7seg_a_utilization_placed.rpt"/>
  <File Type="PLACE-UTIL-PB" Name="x7seg_a_utilization_placed.pb"/>
  <File Type="PLACE-CTRL" Name="x7seg_a_control_sets_placed.rpt"/>
  <File Type="PLACE-PRE-SIMILARITY" Name="x7seg_a_incremental_reuse_pre_placed.rpt"/>
  <File Type="BG-BGN" Name="x7seg_a.bgn"/>
  <File Type="POSTPLACE-PWROPT-DCP" Name="x7seg_a_postplace_pwropt.dcp"/>
  <File Type="BG-BIN" Name="x7seg_a.bin"/>
  <File Type="PHYSOPT-DCP" Name="x7seg_a_physopt.dcp"/>
  <File Type="BITSTR-MSK" Name="x7seg_a.msk"/>
  <File Type="ROUTE-ERROR-DCP" Name="x7seg_a_routed_error.dcp"/>
  <File Type="ROUTE-DCP" Name="x7seg_a_routed.dcp"/>
  <File Type="ROUTE-BLACKBOX-DCP" Name="x7seg_a_routed_bb.dcp"/>
  <File Type="ROUTE-DRC" Name="x7seg_a_drc_routed.rpt"/>
  <File Type="ROUTE-DRC-PB" Name="x7seg_a_drc_routed.pb"/>
  <File Type="BITSTR-LTX" Name="x7seg_a.ltx"/>
  <File Type="ROUTE-DRC-RPX" Name="x7seg_a_drc_routed.rpx"/>
  <File Type="BITSTR-MMI" Name="x7seg_a.mmi"/>
  <File Type="ROUTE-METHODOLOGY-DRC" Name="x7seg_a_methodology_drc_routed.rpt"/>
  <File Type="ROUTE-METHODOLOGY-DRC-RPX" Name="x7seg_a_methodology_drc_routed.rpx"/>
  <File Type="BITSTR-SYSDEF" Name="x7seg_a.sysdef"/>
  <File Type="ROUTE-METHODOLOGY-DRC-PB" Name="x7seg_a_methodology_drc_routed.pb"/>
  <File Type="ROUTE-PWR-RPX" Name="x7seg_a_power_routed.rpx"/>
  <File Type="ROUTE-STATUS" Name="x7seg_a_route_status.rpt"/>
  <File Type="ROUTE-STATUS-PB" Name="x7seg_a_route_status.pb"/>
  <File Type="ROUTE-TIMINGSUMMARY" Name="x7seg_a_timing_summary_routed.rpt"/>
  <File Type="ROUTE-TIMING-PB" Name="x7seg_a_timing_summary_routed.pb"/>
  <File Type="ROUTE-TIMING-RPX" Name="x7seg_a_timing_summary_routed.rpx"/>
  <File Type="RDI-RDI" Name="x7seg_a.vdi"/>
  <File Type="ROUTE-CLK" Name="x7seg_a_clock_utilization_routed.rpt"/>
  <File Type="ROUTE-BUS-SKEW" Name="x7seg_a_bus_skew_routed.rpt"/>
  <File Type="ROUTE-BUS-SKEW-PB" Name="x7seg_a_bus_skew_routed.pb"/>
  <File Type="ROUTE-BUS-SKEW-RPX" Name="x7seg_a_bus_skew_routed.rpx"/>
  <File Type="POSTROUTE-PHYSOPT-DCP" Name="x7seg_a_postroute_physopt.dcp"/>
  <File Type="POSTROUTE-PHYSOPT-BLACKBOX-DCP" Name="x7seg_a_postroute_physopt_bb.dcp"/>
  <File Type="BG-BIT" Name="x7seg_a.bit"/>
  <File Type="BITSTR-RBT" Name="x7seg_a.rbt"/>
  <File Type="BITSTR-NKY" Name="x7seg_a.nky"/>
  <File Type="BG-DRC" Name="x7seg_a.drc"/>
  <File Type="WBT-USG" Name="usage_statistics_webtalk.html"/>
  <FileSet Name="sources" Type="DesignSrcs" RelSrcDir="$PSRCDIR/sources_1">
    <Filter Type="Srcs"/>
    <File Path="$PSRCDIR/sources_1/new/x7seg_a.sv">
      <FileInfo>
        <Attr Name="UsedIn" Val="synthesis"/>
        <Attr Name="UsedIn" Val="implementation"/>
        <Attr Name="UsedIn" Val="simulation"/>
      </FileInfo>
    </File>
    <Config>
      <Option Name="DesignMode" Val="RTL"/>
      <Option Name="TopModule" Val="x7seg_a"/>
      <Option Name="TopAutoSet" Val="TRUE"/>
    </Config>
  </FileSet>
  <FileSet Name="constrs_in" Type="Constrs" RelSrcDir="$PSRCDIR/constrs_1">
    <Filter Type="Constrs"/>
    <File Path="$PSRCDIR/constrs_1/new/x7seg_a.xdc">
      <FileInfo>
        <Attr Name="UsedIn" Val="synthesis"/>
        <Attr Name="UsedIn" Val="implementation"/>
      </FileInfo>
    </File>
    <Config>
      <Option Name="ConstrsType" Val="XDC"/>
    </Config>
  </FileSet>
  <Strategy Version="1" Minor="2">
    <StratHandle Name="Vivado Implementation Defaults" Flow="Vivado Implementation 2018"/>
    <Step Id="init_design"/>
    <Step Id="opt_design"/>
    <Step Id="power_opt_design"/>
    <Step Id="place_design"/>
    <Step Id="post_place_power_opt_design"/>
    <Step Id="phys_opt_design"/>
    <Step Id="route_design"/>
    <Step Id="post_route_phys_opt_design"/>
    <Step Id="write_bitstream">
      <Option Id="BinFile">1</Option>
    </Step>
  </Strategy>
</GenRun>
