<?xml version="1.0" encoding="UTF-8"?>
<GenRun Id="synth_1" LaunchPart="xc7a35tftg256-1" LaunchTime="1650891171">
  <File Type="PA-TCL" Name="ALU_4bits.tcl"/>
  <File Type="RDS-PROPCONSTRS" Name="ALU_4bits_drc_synth.rpt"/>
  <File Type="REPORTS-TCL" Name="ALU_4bits_reports.tcl"/>
  <File Type="RDS-RDS" Name="ALU_4bits.vds"/>
  <File Type="RDS-UTIL" Name="ALU_4bits_utilization_synth.rpt"/>
  <File Type="RDS-UTIL-PB" Name="ALU_4bits_utilization_synth.pb"/>
  <File Type="RDS-DCP" Name="ALU_4bits.dcp"/>
  <File Type="VDS-TIMINGSUMMARY" Name="ALU_4bits_timing_summary_synth.rpt"/>
  <File Type="VDS-TIMING-PB" Name="ALU_4bits_timing_summary_synth.pb"/>
  <FileSet Name="sources" Type="DesignSrcs" RelSrcDir="$PSRCDIR/sources_1">
    <Filter Type="Srcs"/>
    <File Path="$PSRCDIR/sources_1/imports/DLC/x7seg_d.edif">
      <FileInfo>
        <Attr Name="ImportPath" Val="$PPRDIR/../x7seg_d.edif"/>
        <Attr Name="ImportTime" Val="1617953054"/>
        <Attr Name="UsedIn" Val="synthesis"/>
        <Attr Name="UsedIn" Val="implementation"/>
      </FileInfo>
    </File>
    <File Path="$PSRCDIR/sources_1/new/alu.sv">
      <FileInfo>
        <Attr Name="UsedIn" Val="synthesis"/>
        <Attr Name="UsedIn" Val="implementation"/>
        <Attr Name="UsedIn" Val="simulation"/>
      </FileInfo>
    </File>
    <File Path="$PSRCDIR/sources_1/new/fulladder.sv">
      <FileInfo>
        <Attr Name="UsedIn" Val="synthesis"/>
        <Attr Name="UsedIn" Val="implementation"/>
        <Attr Name="UsedIn" Val="simulation"/>
      </FileInfo>
    </File>
    <File Path="$PSRCDIR/sources_1/new/rca.sv">
      <FileInfo>
        <Attr Name="UsedIn" Val="synthesis"/>
        <Attr Name="UsedIn" Val="implementation"/>
        <Attr Name="UsedIn" Val="simulation"/>
      </FileInfo>
    </File>
    <File Path="$PSRCDIR/sources_1/imports/DLC/x7seg_d_port.sv">
      <FileInfo>
        <Attr Name="ImportPath" Val="$PPRDIR/../x7seg_d_port.sv"/>
        <Attr Name="ImportTime" Val="1617953185"/>
        <Attr Name="UsedIn" Val="synthesis"/>
        <Attr Name="UsedIn" Val="implementation"/>
        <Attr Name="UsedIn" Val="simulation"/>
      </FileInfo>
    </File>
    <File Path="$PSRCDIR/sources_1/imports/DLC/ALU_4bits.sv">
      <FileInfo>
        <Attr Name="ImportPath" Val="$PPRDIR/../ALU_4bits.sv"/>
        <Attr Name="ImportTime" Val="1617952398"/>
        <Attr Name="UsedIn" Val="synthesis"/>
        <Attr Name="UsedIn" Val="implementation"/>
        <Attr Name="UsedIn" Val="simulation"/>
      </FileInfo>
    </File>
    <Config>
      <Option Name="DesignMode" Val="RTL"/>
      <Option Name="TopModule" Val="ALU_4bits"/>
      <Option Name="TopAutoSet" Val="TRUE"/>
    </Config>
  </FileSet>
  <FileSet Name="constrs_in" Type="Constrs" RelSrcDir="$PSRCDIR/constrs_1">
    <Filter Type="Constrs"/>
    <File Path="$PSRCDIR/constrs_1/imports/DLC/pin.xdc">
      <FileInfo>
        <Attr Name="ImportPath" Val="$PPRDIR/../pin.xdc"/>
        <Attr Name="ImportTime" Val="1617892918"/>
        <Attr Name="UsedIn" Val="synthesis"/>
        <Attr Name="UsedIn" Val="implementation"/>
      </FileInfo>
    </File>
    <Config>
      <Option Name="ConstrsType" Val="XDC"/>
    </Config>
  </FileSet>
  <Strategy Version="1" Minor="2">
    <StratHandle Name="Vivado Synthesis Defaults" Flow="Vivado Synthesis 2017">
      <Desc>Vivado Synthesis Defaults</Desc>
    </StratHandle>
    <Step Id="synth_design"/>
  </Strategy>
</GenRun>
